<?xml version="1.0" encoding="UTF-8"?>
<project name="DWS-PruebaAngular" default="all" basedir="..\..">
    <property name="project-name" value="ROOT" />
    <property name="src.dir" location="src" />
    <property name="build.dir" location="bin" />
    <property name="dist.dir" location="dist" />
    <property name="docs.dir" location="docs" />
    <property name="webapps.dir" location="webapps" />
    
    <property name="tomcat-home" value="C:\Program Files\Apache Software Foundation\Tomcat 8.0" />
    
    <property name="builder" value="eslem" />
    <property name="war-file-name" value="${project-name}.war" />
    <property name="web-directory" value="web" />
    <property name="web-xml-file" value="web/WEB-INF/web.xml" />
    <tstamp prefix="build-info">
        <format property="current-date" pattern="d-MMMM-yyyy" locale="en" />
        <format property="current-time" pattern="hh:mm:ss a z" locale="en" />
    </tstamp>

    <!-- Deletes the existing build, docs and dist directory-->
    <target name="clean">
        <delete dir="${webapps.dir}" />
        <delete dir="${build.dir}" />
        <delete dir="${docs.dir}" />
        <delete dir="${dist.dir}" />
    </target>

    <!-- Creates the  build, docs and dist directory-->
    <target name="makedir">
        <mkdir dir="${webapps.dir}" />
        <mkdir dir="${build.dir}" />
        <mkdir dir="${docs.dir}" />
        <mkdir dir="${dist.dir}" />
    </target>
    
    <path id="compile.classpath">
        <fileset dir="lib">
            <include name="**/*.jar"/>
        </fileset>
       
        
       
    </path>
    
    <!-- Compiles the java code (including the usage of library for JUnit -->
    <target name="compile" depends="clean, makedir">
        <javac srcdir="${src.dir}" destdir="${build.dir}">
            <classpath refid="compile.classpath"/>
            
        </javac>

    </target>

    <!-- Creates Javadoc -->
    <target name="docs" depends="compile">
        <javadoc packagenames="src" sourcepath="${src.dir}" destdir="${docs.dir}">
            <!-- Define which files / directory should get included, we include all -->
            <fileset dir="${src.dir}">
                <include name="**" />
            </fileset>
        </javadoc>
    </target>

    <!--Creates the deployable jar file  -->
    <target name="jar" depends="compile">
        <jar destfile="${dist.dir}\com.example.ant.jar" basedir="${build.dir}"
             includes="lib">
           
        </jar>
    </target>
    
    <target name="war" depends="">
        <delete file="${webapps.dir}/${war-file-name}" />
        <war warfile="${webapps.dir}/${war-file-name}" webxml="${web-xml-file}">
            <lib dir="lib">
            </lib>
            <classes dir="${build.dir}" />
            <fileset dir="${web-directory}">
                <!-- Need to exclude it since webxml is an attribute of the war tag above -->
                <exclude name="WEB-INF/web.xml" />
            </fileset>
            <manifest>
                <attribute name="Built-By" value="${builder}" />
                <attribute name="Built-On" value="${build-info.current-date}" />
                <attribute name="Built-At" value="${build-info.current-time}" />
            </manifest>
        </war>
    </target>

    <target name="main" depends="compile, jar, docs, war">
        <description>Main target</description>
    </target>
    <target name="all" depends="compile, jar, docs, war">
        <description>Main target</description>
    </target>
</project>
